track_id,track_name,artist_id,artist_name,album_id,duration,release_date,popularity,danceability,energy,key,loudness,mode,speechiness,acousticness,instrumentalness,liveness,valence,tempo,playlist_id,playlist_name
2ttfqpA40dpzzz9QhxnFCv,Shine Your Light (feat. Akon),523y9KSneKh6APd1hKxLuF,Master KG,2g64ICU2z18zpnuS5rQbM9,189390,2021-05-28,70,0.763,0.781,2,-6.004,1,0.0434,0.0267,9.61e-06,0.106,0.399,122.989,1ONoVwmw96EtWKfcdsrVZf,David Guetta Playlist
5K6Ssv4Z3zRvxt0P6EKUAP,Heartbreak Anthem (with David Guetta & Little Mix),4sTQVOfp9vEMCemLw50sbu,Galantis,6kBuGNoOGE7uiPhN82dcJ1,183725,2021-05-20,82,0.595,0.784,1,-4.878,1,0.102,0.216,0.0,0.0608,0.479,124.111,1ONoVwmw96EtWKfcdsrVZf,David Guetta Playlist
46W9QGI2bVjitikXmpHFgv,Get Together,1Cs0zKBU1kc0i8ypK3B9ai,David Guetta,2ofQzyhu2LGNLPfIPM0209,162051,2021-05-07,72,0.849,0.669,7,-4.872,1,0.0966,0.0433,3.72e-06,0.0727,0.607,117.024,1ONoVwmw96EtWKfcdsrVZf,David Guetta Playlist
29p6UW08MXzwj9thWBW3uF,Hero,4D75GcNG95ebPtNvoNVXhz,Afrojack,6KV17NyVQwm5PJOVwAVlyV,171840,2021-04-30,75,0.713,0.772,2,-5.032,1,0.0313,0.157,0.0,0.153,0.523,125.001,1ONoVwmw96EtWKfcdsrVZf,David Guetta Playlist
7ft8GUKMIuFnH4lueyOTQi,BED - David Guetta Festival Mix,6DgP9otnZw5z6daOntINxp,Joel Corry,25SO6nYRYrNwBngu5UwThd,235200,2021-04-23,66,0.687,0.916,8,-4.311,1,0.0668,0.00409,0.258,0.0474,0.246,125.001,1ONoVwmw96EtWKfcdsrVZf,David Guetta Playlist
0cVWsZDecQYXWY4j1KjhDg,Lifestyle (feat. Adam Levine) - David Guetta Slap House Mix,07YZf4WDAMNwqr4jfgOZ8y,Jason Derulo,2B0taAq11pt0MWYJ7BhiN2,135661,2021-02-18,63,0.688,0.724,6,-3.895,1,0.0479,0.00108,0.0,0.319,0.763,123.072,1ONoVwmw96EtWKfcdsrVZf,David Guetta Playlist
78oZ26xvmtCfarveRXs3dq,Big (feat. Gunna),5CCwRZC6euC8Odo6y9X8jr,Rita Ora,4oAJhbdsokVDoLHMdbqtDP,156781,2021-02-11,74,0.779,0.845,7,-3.446,1,0.0356,0.0659,1.16e-06,0.0641,0.615,111.995,1ONoVwmw96EtWKfcdsrVZf,David Guetta Playlist
0siYMEsGrzzzlWLXK5zJfS,BED,6DgP9otnZw5z6daOntINxp,Joel Corry,36tML2tWjDrbLW4FgrX17U,178087,2021-02-26,90,0.671,0.782,6,-4.593,1,0.0341,0.0142,0.00221,0.333,0.618,123.989,1ONoVwmw96EtWKfcdsrVZf,David Guetta Playlist
2AceGjiX9isUbXmMZa0Dl1,Floating Through Space,5WUlDfRSoLAfcVSX1WnrxN,Sia,0BE9HxEf6RRDyni3SSvM6t,177800,2021-02-04,82,0.575,0.844,6,-4.89,0,0.072,0.00172,0.0,0.114,0.277,104.914,1ONoVwmw96EtWKfcdsrVZf,David Guetta Playlist
5H0zLjf4O81HbJBa4FHOO9,Wild Ride (feat. Henao),37awA8DFCAnCCL7aqYbDnD,Blasterjaxx,6XFDGd2Kd5WYpazI1qQm1S,168750,2020-11-13,50,0.635,0.855,0,-4.952,0,0.0632,0.0245,0.00706,0.188,0.363,127.895,1ONoVwmw96EtWKfcdsrVZf,David Guetta Playlist
5Nwwgo69sfhgpQJhjDtzcp,Steels,5PzvgD5FRnWpc5fGOLoNVO,Dave Spoon,306upblskjGyVcSU7qhmpr,184676,2021-05-14,35,0.804,0.963,10,-4.007,0,0.044,0.412,0.835,0.147,0.856,128.044,1ONoVwmw96EtWKfcdsrVZf,David Guetta Playlist
1Vsb1CbUoDeeDWTuk7EWhh,Warning,2yA021LnprERtbeHcjAquF,Costel Van Dein,51be6vyw8lnQijaXKlDUOC,140475,2021-05-28,17,0.798,0.969,10,-4.608,0,0.0981,0.00995,0.036,0.0525,0.709,126.027,1ONoVwmw96EtWKfcdsrVZf,David Guetta Playlist
1qLIOCUgbYW2M86sLsIwnq,Play That Again,7ARg1U4yL7yEnaE3pf1gN0,Van Heden,6i5Cfu7qdyBlxPotIXLhaW,157728,2021-05-21,25,0.688,0.95,7,-6.386,1,0.0549,0.0151,0.727,0.124,0.605,129.98,1ONoVwmw96EtWKfcdsrVZf,David Guetta Playlist
4FhbcLIYba5zi9iYTcj8hp,Bad Option,1I5pYXplsbqmHaVWlAEhla,Bougenvilla,4xovYXJWSfr6wvIkL7X6Og,166461,2021-05-28,44,0.514,0.92,8,-3.918,1,0.0585,0.191,1.33e-05,0.14,0.518,123.437,1ONoVwmw96EtWKfcdsrVZf,David Guetta Playlist
3AjzBL7fuEdboRnleIlPIw,Never Let Me Down,4VNQWV2y1E97Eqo2D5UTjx,Gorgon City,7KCiIL4GO5P7gINLSF5fUF,185133,2021-05-14,65,0.706,0.824,1,-7.036,1,0.133,0.0547,0.00162,0.0448,0.536,123.965,1ONoVwmw96EtWKfcdsrVZf,David Guetta Playlist
5ObsSYfRTILJqauq06x2PF,In My Soul,1yGoTdU9M2zNhcyDSes8Sq,DØBER,0o3zGt8yyEenoTnNYVnqcW,172217,2021-05-28,23,0.579,0.853,11,-8.042,0,0.0899,0.235,0.431,0.214,0.136,124.013,1ONoVwmw96EtWKfcdsrVZf,David Guetta Playlist
1G0O3qZRoq7azeDajiyVPW,Miraje,1Zz6NBe8UIZjm88TvehFtx,Le Youth,4tNM4MfxSRdyfPgGOeWxsq,285000,2021-05-26,46,0.569,0.823,11,-7.083,0,0.0344,0.0732,0.828,0.377,0.201,125.009,1ONoVwmw96EtWKfcdsrVZf,David Guetta Playlist
1JmsHmDGhWJemLArgnURNw,Take Control - Sammy Porter Remix,0DdDnziut7wOo6cAYWVZC5,KREAM,0gk4efH92KdUWd661AwEYz,236160,2021-05-28,47,0.718,0.98,11,-4.404,1,0.0592,0.0309,0.23,0.0978,0.825,124.984,1ONoVwmw96EtWKfcdsrVZf,David Guetta Playlist
14df9jEJnmBRm8x2Svb6EC,Battlefield,0SfsnGyD8FpIN4U4WCkBZ5,Armin van Buuren,4vyoS40vvmdQqDYUhbNi04,203095,2021-05-28,59,0.534,0.932,1,-5.416,1,0.0408,0.000139,0.0122,0.235,0.158,126.018,1ONoVwmw96EtWKfcdsrVZf,David Guetta Playlist
2obQ3ll76uZthJa91RAKv4,Keep Pushing,6z9EDgWh3ZJZKIJI5Q71Cq,Alex Mills,51Efce1Hjf6TxbU7hAKwik,216084,2021-05-21,51,0.685,0.871,8,-6.266,1,0.0361,0.0021,0.0156,0.179,0.554,128.002,1ONoVwmw96EtWKfcdsrVZf,David Guetta Playlist
0qJ2LLQcFaErNhaZ6HuurV,Deep Fear - Lumberjack & BRØMANCE Remix Edit,6q9gCO6m4qEl9UiPAjSFiq,Sidekick,2lUpFWL7zOZTKKQzeC3iVp,158110,2021-05-11,34,0.636,0.873,9,-5.819,0,0.0488,0.0711,0.458,0.248,0.11,125.937,1ONoVwmw96EtWKfcdsrVZf,David Guetta Playlist
1vSgGwMtzSxz4VTYUMAfks,Last Time - Biscits Remix,4EPJlUEBy49EX1wuFOvtjK,Becky Hill,6LgHb9a6Dph8PJ7LP8tNJs,215540,2021-05-07,57,0.586,0.738,7,-6.332,0,0.0388,0.00248,0.000336,0.0637,0.122,123.992,1ONoVwmw96EtWKfcdsrVZf,David Guetta Playlist
5nxaY1VZVuNMvlTj2XoFEy,Retrograde - Drumstone Remix,6BrvowZBreEkXzJQMpL174,Hardwell,76nc7AiK3o3YNVTPfOTQHv,308709,2021-05-20,25,0.656,0.919,11,-8.814,0,0.0395,0.00241,0.872,0.396,0.144,123.998,1ONoVwmw96EtWKfcdsrVZf,David Guetta Playlist
23yj1lE2rwHtkdGHJLxh6Z,Horizon,1GfsTawdXtQwUmG7gMgGqX,F3DEN,61DcNuS6Jo4932eUJVbQRf,293542,2021-05-21,27,0.53,0.863,8,-5.626,0,0.0354,0.00291,0.617,0.243,0.21,121.031,1ONoVwmw96EtWKfcdsrVZf,David Guetta Playlist
0DUQGU4nKNrX9wlpVZtGwZ,Weekend,7jbVOqzwk9rIEz6UVFfP1X,Sirprice,19FajPTGppY5uHzkEqZ8hm,181920,2021-05-07,30,0.699,0.922,9,-4.0,0,0.0341,0.0111,0.0171,0.353,0.5,125.034,1ONoVwmw96EtWKfcdsrVZf,David Guetta Playlist
0q0fXyJ8RbVw1F7m1SoLNT,The One,6xq7g0E52yq4y8Op9X82Uo,TIBASKO,0HNfg7Xi8WFH6Hmt002eOG,174510,2021-05-21,43,0.578,0.664,0,-7.72,1,0.0291,0.00704,0.919,0.0892,0.347,124.961,1ONoVwmw96EtWKfcdsrVZf,David Guetta Playlist
0HFoDaES8xTBTzsZ9BV5ys,Tyche,1dFKuU0lKJNg27s2LKLZ2j,Local Dialect,3pY45QInWJ3oYu7CsIEgU9,228542,2021-05-21,32,0.602,0.94,5,-5.498,0,0.0393,0.0249,0.654,0.306,0.291,123.006,1ONoVwmw96EtWKfcdsrVZf,David Guetta Playlist
1aFps346s26y1GoRc2GHTY,Remedy,1ngKYk9gnZpMAoaayD6BGY,Danny Ores,2sBUJGlJgoT1TZnzfeXbHp,150967,2021-05-14,30,0.469,0.876,3,-4.76,0,0.0974,0.00735,0.0078,0.314,0.311,123.888,1ONoVwmw96EtWKfcdsrVZf,David Guetta Playlist
6bugSRtUecBBvyQg56pLXi,Heads Will Roll,0U3b0BjITtQHwjwBVtiGcO,DMNDS,0wPJb45wZqPPjf08LnbIzU,135563,2021-05-07,65,0.721,0.957,8,-3.357,1,0.0647,0.00677,0.64,0.0553,0.447,125.057,1ONoVwmw96EtWKfcdsrVZf,David Guetta Playlist
6M9ZFdiBphY4Cl2ujQUKDv,Open My Mind,0XMAZpLBHMc9ZvwsrctpmJ,NIGHT / MOVES,1FTQqZ7H34a7kP8toVKP7F,174050,2021-05-13,33,0.631,0.834,4,-5.217,0,0.0504,0.00778,0.354,0.29,0.11,126.022,1ONoVwmw96EtWKfcdsrVZf,David Guetta Playlist
2nrOHpPWNHacdc0QZ8tuwg,Beautiful,2ohlvFf9PBsDELdRstPtlP,Ferry Corsten,7BWKwyyeZ7YXZCH3qZJb4k,354613,2006-01-01,41,0.505,0.848,7,-10.517,1,0.0402,0.000569,0.222,0.161,0.415,135.006,1ONoVwmw96EtWKfcdsrVZf,David Guetta Playlist
5Vs7q9E9xiXvfEnvYRAV9k,She Knows What She’s Doing,2g9i2kA0jUr6sfAT28l2vL,James Hurr,5OzXRdmn1wba2zMoaA3mQ7,151451,2021-04-30,42,0.582,0.976,1,-4.956,1,0.048,0.000636,0.838,0.204,0.158,124.01,1ONoVwmw96EtWKfcdsrVZf,David Guetta Playlist
2gktfVN9fNqO7o4YerhnGV,No Matter What They Say - Radio Edit,1vY9XZyak1NBdRhSG62HI6,Jacq (UK),4SXWdR3hccRlGYFXQGdjuh,217351,2021-05-07,31,0.588,0.976,1,-3.687,1,0.0786,0.00282,0.747,0.352,0.345,125.987,1ONoVwmw96EtWKfcdsrVZf,David Guetta Playlist
1kyT264yi4y1VpkpCKYy3k,Shadows in the Dark,3R0yz9xgTmCOLQMPcJ6MuU,HNTR,34Bo14JfCZCjfyYTQhgwQT,188379,2021-05-07,38,0.602,0.826,0,-8.464,0,0.0469,0.0459,0.147,0.103,0.494,125.968,1ONoVwmw96EtWKfcdsrVZf,David Guetta Playlist
3053QmnOijQFGshvpAikky,One By One (feat. Elderbrook & Andhim),5fMUXHkw8R8eOP2RNVYEZX,Diplo,4gbp4gRykVbPsJm61qu6Tn,180000,2021-04-30,61,0.625,0.803,11,-8.556,0,0.0392,0.0142,0.627,0.109,0.293,120.082,1ONoVwmw96EtWKfcdsrVZf,David Guetta Playlist
67cSFn3SLBoKqGW20bswdw,Waiting For You,3ky8xBRraNNzxzXEw6Ga0c,Anabel Englund,6nNwHKu6VPH8XNSoLXOyGg,225605,2021-04-30,51,0.621,0.848,5,-6.235,0,0.0297,0.00304,0.000772,0.347,0.0573,122.987,1ONoVwmw96EtWKfcdsrVZf,David Guetta Playlist
3iGHGIAwH96Ri9NuBGkdeV,Cure Or Remedy,4Z99ysbztLlZqmYK3urV7w,Paige,6tYzkCNXube21QjX8dwzZT,211000,2021-05-07,42,0.568,0.863,4,-6.826,1,0.03,0.000664,0.246,0.137,0.337,123.04,1ONoVwmw96EtWKfcdsrVZf,David Guetta Playlist
13CQI6CWFfuUm9NkXpH70z,Top Floor,2M6Re1FK8R8PfaKrlpF19S,Danny Rhys,6JE2mSkboTyNnHWOvD1aDo,202000,2021-04-30,44,0.698,0.91,2,-6.449,0,0.0454,0.0867,0.735,0.068,0.88,124.998,1ONoVwmw96EtWKfcdsrVZf,David Guetta Playlist
53sm3veyB0i1tK3HAtsw7e,Can’t Let Go - Obskür Remix,5eKqhPrKad0J9xGAtq3rW7,BURNS,61OI2ywSwjGyYG98c0iorq,215119,2021-04-30,43,0.667,0.817,10,-7.599,0,0.0573,0.0186,0.823,0.104,0.35,125.996,1ONoVwmw96EtWKfcdsrVZf,David Guetta Playlist
4sXrwNmYfg5x5CCfKpxYiO,You Don't Know,0SURDCN1DbuW9STmuSHUaR,Monocule,2U506HHxpTv7cpl4v7zUpN,195562,2021-03-26,55,0.545,0.93,1,-7.374,1,0.037,0.0104,0.718,0.498,0.135,124.005,1ONoVwmw96EtWKfcdsrVZf,David Guetta Playlist
6vxba4RzFaw69gpQEhvcxZ,The Sound,1J3F8i76zPIBrnfF8blMBN,Timothy Allen,2wwf9H18CJf955179yqM90,163561,2021-05-07,42,0.71,0.903,7,-2.635,1,0.0887,0.00278,0.805,0.38,0.55,124.0,1ONoVwmw96EtWKfcdsrVZf,David Guetta Playlist
0axSINcrVVrNfHXMRTsTKF,Better Off (feat. Sara Diamond),5rG00A9pRANrMDzVI3DrmF,DLMT,1WmvEdrVlrx4CuP496Xxa5,165245,2021-04-30,46,0.867,0.902,6,-2.769,0,0.0685,0.0341,0.141,0.0364,0.605,122.036,1ONoVwmw96EtWKfcdsrVZf,David Guetta Playlist
1zLQdgcmXrOR2BVurynyem,Maniac,5SLANaLk13zw9NaKeIS49U,Mon DJ,1QeNPuzPeA2hxiclLnz2qe,158437,2021-05-07,36,0.664,0.965,3,-4.049,0,0.0848,0.00253,0.122,0.377,0.28,127.974,1ONoVwmw96EtWKfcdsrVZf,David Guetta Playlist
6P8ljIfKiNlVAao2LJuXnn,In The Dark,5eALE6GKSAiBNMyqpsqoeX,GotSome,33UvR7NBaVnyYXeRdP3QJ9,184500,2021-04-30,40,0.696,0.749,10,-6.936,0,0.0362,0.0178,0.0401,0.0902,0.277,127.938,1ONoVwmw96EtWKfcdsrVZf,David Guetta Playlist
2F3NaJ1QBQstUOrnrjRSoL,Focus,3wkqbqrDYzltNpxWK6sgsH,MUUS,36zUl7uE04vAIabT0LCAJW,222500,2021-04-30,26,0.791,0.946,6,-6.902,0,0.115,0.0627,0.64,0.321,0.816,125.982,1ONoVwmw96EtWKfcdsrVZf,David Guetta Playlist
3zvbEXbBhElF8Ob2zFpG14,Let's Rave,5irwemCIBdwWYTZrcxX2UW,MorganJ,6wpZBz5q2v4qDRlptx2rab,210000,2021-05-07,36,0.706,0.853,10,-5.467,0,0.0515,0.00197,0.777,0.321,0.0392,125.978,1ONoVwmw96EtWKfcdsrVZf,David Guetta Playlist
2NZJKUPIGfJqLAzONNr4gv,Kill Me Slow,1Cs0zKBU1kc0i8ypK3B9ai,David Guetta,0fKU8zzmBjXNAJp5Uo2dml,208095,2020-07-17,66,0.698,0.859,6,-5.234,0,0.0605,0.114,0.208,0.228,0.518,126.039,1ONoVwmw96EtWKfcdsrVZf,David Guetta Playlist
5ovAmYzYLeEmOX6P3bmlzV,Dreams (feat. Lanie Gardner),1Cs0zKBU1kc0i8ypK3B9ai,David Guetta,4gj29oc0vz1qPuosvrkt8B,204102,2020-12-04,70,0.61,0.896,9,-4.471,0,0.0384,0.0904,0.000157,0.0943,0.0723,128.056,1ONoVwmw96EtWKfcdsrVZf,David Guetta Playlist
1w8DxFHDDInmn5TovLKKrW,Save My Life (feat. Lovespeake),1Cs0zKBU1kc0i8ypK3B9ai,David Guetta,4tqrHaVlCyNSvhRD4RAvCQ,183750,2020-11-13,67,0.704,0.745,11,-7.664,0,0.0448,0.00135,0.741,0.234,0.0511,128.002,1ONoVwmw96EtWKfcdsrVZf,David Guetta Playlist
7HXMzmHisLPilu3phwi73h,Let's Love - David Guetta & MORTEN Future Rave Remix,1Cs0zKBU1kc0i8ypK3B9ai,David Guetta,5ycDNsggvTkFJsxkPu6Vzr,222850,2020-10-23,52,0.525,0.797,2,-6.939,0,0.122,0.0582,0.748,0.179,0.0855,125.878,1ONoVwmw96EtWKfcdsrVZf,David Guetta Playlist
5YcFJAlCexlf5pS8Qa7Pqz,Woo Dat,1kk6o5FDlujcgz2d2iFXKy,LO'99,0dvLJIdminhnb6EBfkSxd1,189836,2021-04-16,46,0.853,0.934,0,-5.632,1,0.168,0.00746,0.324,0.105,0.537,124.018,1ONoVwmw96EtWKfcdsrVZf,David Guetta Playlist
