track_id,name,popularity,duration_ms,artist_id,artist_name,num_artists,playlist_id,playlist_name
2ttfqpA40dpzzz9QhxnFCv,Shine Your Light (feat. Akon),70,189390,"['523y9KSneKh6APd1hKxLuF', '1Cs0zKBU1kc0i8ypK3B9ai', '0z4gvV4rjIZ9wHck67ucSV']","['Master KG', 'David Guetta', 'Akon']",3,1ONoVwmw96EtWKfcdsrVZf,David Guetta Playlist
5K6Ssv4Z3zRvxt0P6EKUAP,Heartbreak Anthem (with David Guetta & Little Mix),82,183725,"['4sTQVOfp9vEMCemLw50sbu', '1Cs0zKBU1kc0i8ypK3B9ai', '3e7awlrlDSwF3iM0WBjGMp']","['Galantis', 'David Guetta', 'Little Mix']",3,1ONoVwmw96EtWKfcdsrVZf,David Guetta Playlist
46W9QGI2bVjitikXmpHFgv,Get Together,72,162051,1Cs0zKBU1kc0i8ypK3B9ai,David Guetta,1,1ONoVwmw96EtWKfcdsrVZf,David Guetta Playlist
29p6UW08MXzwj9thWBW3uF,Hero,75,171840,"['4D75GcNG95ebPtNvoNVXhz', '1Cs0zKBU1kc0i8ypK3B9ai']","['Afrojack', 'David Guetta']",2,1ONoVwmw96EtWKfcdsrVZf,David Guetta Playlist
7ft8GUKMIuFnH4lueyOTQi,BED - David Guetta Festival Mix,66,235200,"['6DgP9otnZw5z6daOntINxp', '5KKpBU5eC2tJDzf0wmlRp2', '1Cs0zKBU1kc0i8ypK3B9ai']","['Joel Corry', 'RAYE', 'David Guetta']",3,1ONoVwmw96EtWKfcdsrVZf,David Guetta Playlist
0cVWsZDecQYXWY4j1KjhDg,Lifestyle (feat. Adam Levine) - David Guetta Slap House Mix,63,135661,"['07YZf4WDAMNwqr4jfgOZ8y', '4bYPcJP5jwMhSivRcqie2n', '1Cs0zKBU1kc0i8ypK3B9ai']","['Jason Derulo', 'Adam Levine', 'David Guetta']",3,1ONoVwmw96EtWKfcdsrVZf,David Guetta Playlist
78oZ26xvmtCfarveRXs3dq,Big (feat. Gunna),74,156781,"['5CCwRZC6euC8Odo6y9X8jr', '1Cs0zKBU1kc0i8ypK3B9ai', '5rGrDvrLOV2VV8SCFVGWlj', '2hlmm7s2ICUX0LVIhVFlZQ']","['Rita Ora', 'David Guetta', 'Imanbek', 'Gunna']",4,1ONoVwmw96EtWKfcdsrVZf,David Guetta Playlist
0siYMEsGrzzzlWLXK5zJfS,BED,90,178087,"['6DgP9otnZw5z6daOntINxp', '5KKpBU5eC2tJDzf0wmlRp2', '1Cs0zKBU1kc0i8ypK3B9ai']","['Joel Corry', 'RAYE', 'David Guetta']",3,1ONoVwmw96EtWKfcdsrVZf,David Guetta Playlist
2AceGjiX9isUbXmMZa0Dl1,Floating Through Space,82,177800,"['5WUlDfRSoLAfcVSX1WnrxN', '1Cs0zKBU1kc0i8ypK3B9ai']","['Sia', 'David Guetta']",2,1ONoVwmw96EtWKfcdsrVZf,David Guetta Playlist
59o6ojGNGJOYiVJSzC6Lsa,Memories (feat. Kid Cudi) - 2021 Remix,80,162992,"['1Cs0zKBU1kc0i8ypK3B9ai', '0fA0VVWsXO9YnASrzqfmYu']","['David Guetta', 'Kid Cudi']",2,1ONoVwmw96EtWKfcdsrVZf,David Guetta Playlist
5H0zLjf4O81HbJBa4FHOO9,Wild Ride (feat. Henao),50,168750,"['37awA8DFCAnCCL7aqYbDnD', '2tAOr6Bu4b1JDQjRZcMdML']","['Blasterjaxx', 'Henao']",2,1ONoVwmw96EtWKfcdsrVZf,David Guetta Playlist
5Nwwgo69sfhgpQJhjDtzcp,Steels,35,184676,5PzvgD5FRnWpc5fGOLoNVO,Dave Spoon,1,1ONoVwmw96EtWKfcdsrVZf,David Guetta Playlist
1Vsb1CbUoDeeDWTuk7EWhh,Warning,17,140475,"['2yA021LnprERtbeHcjAquF', '6yoe6vgX80ZjB2MP9UYwuC']","['Costel Van Dein', 'Mixmash Bold']",2,1ONoVwmw96EtWKfcdsrVZf,David Guetta Playlist
1qLIOCUgbYW2M86sLsIwnq,Play That Again,25,157728,7ARg1U4yL7yEnaE3pf1gN0,Van Heden,1,1ONoVwmw96EtWKfcdsrVZf,David Guetta Playlist
4FhbcLIYba5zi9iYTcj8hp,Bad Option,44,166461,"['1I5pYXplsbqmHaVWlAEhla', '0e3qT2AqBNTqmo0d5OMzd6', '2VRgy5skIildisco3sF7Nt']","['Bougenvilla', 'Mairee', 'Nathalie Blue']",3,1ONoVwmw96EtWKfcdsrVZf,David Guetta Playlist
3AjzBL7fuEdboRnleIlPIw,Never Let Me Down,65,185133,"['4VNQWV2y1E97Eqo2D5UTjx', '1WcwbtAnG5HWNbPPK84ued']","['Gorgon City', 'Hayley May']",2,1ONoVwmw96EtWKfcdsrVZf,David Guetta Playlist
5ObsSYfRTILJqauq06x2PF,In My Soul,23,172217,"['1yGoTdU9M2zNhcyDSes8Sq', '11XEv1va5mCLuFxuKMaOUh', '08f9L2ZSt9IKdufgJ8QUxB']","['DØBER', 'SOLR', 'Timmy Loss']",3,1ONoVwmw96EtWKfcdsrVZf,David Guetta Playlist
1G0O3qZRoq7azeDajiyVPW,Miraje,46,285000,1Zz6NBe8UIZjm88TvehFtx,Le Youth,1,1ONoVwmw96EtWKfcdsrVZf,David Guetta Playlist
1JmsHmDGhWJemLArgnURNw,Take Control - Sammy Porter Remix,47,236160,"['0DdDnziut7wOo6cAYWVZC5', '2D51qkOmTNsNQj3C4LIvH7']","['KREAM', 'Sammy Porter']",2,1ONoVwmw96EtWKfcdsrVZf,David Guetta Playlist
14df9jEJnmBRm8x2Svb6EC,Battlefield,59,203095,0SfsnGyD8FpIN4U4WCkBZ5,Armin van Buuren,1,1ONoVwmw96EtWKfcdsrVZf,David Guetta Playlist
2obQ3ll76uZthJa91RAKv4,Keep Pushing,51,216084,"['6z9EDgWh3ZJZKIJI5Q71Cq', '0oO1IaDOBSeI96HbnCa5pZ']","['Alex Mills', 'Solardo']",2,1ONoVwmw96EtWKfcdsrVZf,David Guetta Playlist
0qJ2LLQcFaErNhaZ6HuurV,Deep Fear - Lumberjack & BRØMANCE Remix Edit,34,158110,"['6q9gCO6m4qEl9UiPAjSFiq', '1JzVItLwsvpCMq42GxpxnZ', '5svygegpStk22aX7000Wpa']","['Sidekick', 'Lumberjack', 'BRØMANCE']",3,1ONoVwmw96EtWKfcdsrVZf,David Guetta Playlist
1vSgGwMtzSxz4VTYUMAfks,Last Time - Biscits Remix,57,215540,"['4EPJlUEBy49EX1wuFOvtjK', '052B9SONfhoScw7dgYWw5o']","['Becky Hill', 'Biscits']",2,1ONoVwmw96EtWKfcdsrVZf,David Guetta Playlist
5nxaY1VZVuNMvlTj2XoFEy,Retrograde - Drumstone Remix,25,308709,"['6BrvowZBreEkXzJQMpL174', '7tCFigbe2WuE8DzGoNrMvj']","['Hardwell', 'Drumstone']",2,1ONoVwmw96EtWKfcdsrVZf,David Guetta Playlist
23yj1lE2rwHtkdGHJLxh6Z,Horizon,27,293542,1GfsTawdXtQwUmG7gMgGqX,F3DEN,1,1ONoVwmw96EtWKfcdsrVZf,David Guetta Playlist
0DUQGU4nKNrX9wlpVZtGwZ,Weekend,30,181920,"['7jbVOqzwk9rIEz6UVFfP1X', '4NoraKWvrUYQlP0r6Q7IRt']","['Sirprice', 'Æmes']",2,1ONoVwmw96EtWKfcdsrVZf,David Guetta Playlist
0q0fXyJ8RbVw1F7m1SoLNT,The One,43,174510,6xq7g0E52yq4y8Op9X82Uo,TIBASKO,1,1ONoVwmw96EtWKfcdsrVZf,David Guetta Playlist
0HFoDaES8xTBTzsZ9BV5ys,Tyche,32,228542,1dFKuU0lKJNg27s2LKLZ2j,Local Dialect,1,1ONoVwmw96EtWKfcdsrVZf,David Guetta Playlist
1aFps346s26y1GoRc2GHTY,Remedy,30,150967,"['1ngKYk9gnZpMAoaayD6BGY', '1iBqdQJXriz1EKWsMlB7RA', '5RbgNkBwfYSM8yIYXn0Gwk']","['Danny Ores', 'Dj King ET', 'KRAIZ']",3,1ONoVwmw96EtWKfcdsrVZf,David Guetta Playlist
6bugSRtUecBBvyQg56pLXi,Heads Will Roll,65,135563,"['0U3b0BjITtQHwjwBVtiGcO', '3HphLd0XiELTvIPYf55dYC', '0jRbAcpQhqQJWgtSRG6oYy', '5n7PIY3yS7npRtQuI5qgjF']","['DMNDS', 'Strange Fruits Music', 'Green Bull', 'KOYSINA']",4,1ONoVwmw96EtWKfcdsrVZf,David Guetta Playlist
6M9ZFdiBphY4Cl2ujQUKDv,Open My Mind,33,174050,"['0XMAZpLBHMc9ZvwsrctpmJ', '4iw0IpAocxcswvLRUXW0so']","['NIGHT / MOVES', 'Spyker']",2,1ONoVwmw96EtWKfcdsrVZf,David Guetta Playlist
2nrOHpPWNHacdc0QZ8tuwg,Beautiful,41,354613,2ohlvFf9PBsDELdRstPtlP,Ferry Corsten,1,1ONoVwmw96EtWKfcdsrVZf,David Guetta Playlist
5Vs7q9E9xiXvfEnvYRAV9k,She Knows What She’s Doing,42,151451,2g9i2kA0jUr6sfAT28l2vL,James Hurr,1,1ONoVwmw96EtWKfcdsrVZf,David Guetta Playlist
2gktfVN9fNqO7o4YerhnGV,No Matter What They Say - Radio Edit,31,217351,1vY9XZyak1NBdRhSG62HI6,Jacq (UK),1,1ONoVwmw96EtWKfcdsrVZf,David Guetta Playlist
1kyT264yi4y1VpkpCKYy3k,Shadows in the Dark,38,188379,"['3R0yz9xgTmCOLQMPcJ6MuU', '2xGCGoulmU85qYdpb2Z4xx']","['HNTR', 'Elliot Moss']",2,1ONoVwmw96EtWKfcdsrVZf,David Guetta Playlist
3053QmnOijQFGshvpAikky,One By One (feat. Elderbrook & Andhim),61,180000,"['5fMUXHkw8R8eOP2RNVYEZX', '2vf4pRsEY6LpL5tKmqWb64', '6XJeFzmI6vrWyHcdB7EImP']","['Diplo', 'Elderbrook', 'Andhim']",3,1ONoVwmw96EtWKfcdsrVZf,David Guetta Playlist
67cSFn3SLBoKqGW20bswdw,Waiting For You,51,225605,"['3ky8xBRraNNzxzXEw6Ga0c', '5Dyfxq0ZrFjjeFBdSNxDbo']","['Anabel Englund', 'Yotto']",2,1ONoVwmw96EtWKfcdsrVZf,David Guetta Playlist
3iGHGIAwH96Ri9NuBGkdeV,Cure Or Remedy,42,211000,"['4Z99ysbztLlZqmYK3urV7w', '11OUxHFoGgo2NDSdT6YiEC', '2V431yZGG08uroH2CZAgur']","['Paige', 'Nihil Young', 'Sarah de Warren']",3,1ONoVwmw96EtWKfcdsrVZf,David Guetta Playlist
13CQI6CWFfuUm9NkXpH70z,Top Floor,44,202000,"['2M6Re1FK8R8PfaKrlpF19S', '5Ih8COB6YSV8WMvBknJ3hF']","['Danny Rhys', 'Matt Weeks (UK)']",2,1ONoVwmw96EtWKfcdsrVZf,David Guetta Playlist
53sm3veyB0i1tK3HAtsw7e,Can’t Let Go - Obskür Remix,43,215119,"['5eKqhPrKad0J9xGAtq3rW7', '29MTNlaVntQaQiDyj8KGwx']","['BURNS', 'Obskür']",2,1ONoVwmw96EtWKfcdsrVZf,David Guetta Playlist
4sXrwNmYfg5x5CCfKpxYiO,You Don't Know,55,195562,"['0SURDCN1DbuW9STmuSHUaR', '5ChF3i92IPZHduM7jN3dpg']","['Monocule', 'Nicky Romero']",2,1ONoVwmw96EtWKfcdsrVZf,David Guetta Playlist
6vxba4RzFaw69gpQEhvcxZ,The Sound,42,163561,1J3F8i76zPIBrnfF8blMBN,Timothy Allen,1,1ONoVwmw96EtWKfcdsrVZf,David Guetta Playlist
0axSINcrVVrNfHXMRTsTKF,Better Off (feat. Sara Diamond),46,165245,"['5rG00A9pRANrMDzVI3DrmF', '3wRQD6UZWlaWEnbgpIEPPX', '4azg4dtpH6PiewGHFzQEj0']","['DLMT', 'Cazztek', 'Sara Diamond']",3,1ONoVwmw96EtWKfcdsrVZf,David Guetta Playlist
1zLQdgcmXrOR2BVurynyem,Maniac,36,158437,"['5SLANaLk13zw9NaKeIS49U', '6eV9xjvttxeYB2iST5hfT6']","['Mon DJ', 'Makasi']",2,1ONoVwmw96EtWKfcdsrVZf,David Guetta Playlist
6P8ljIfKiNlVAao2LJuXnn,In The Dark,40,184500,"['5eALE6GKSAiBNMyqpsqoeX', '29pQjcc1XsJa7Aeezho17b']","['GotSome', 'George Kwali']",2,1ONoVwmw96EtWKfcdsrVZf,David Guetta Playlist
2F3NaJ1QBQstUOrnrjRSoL,Focus,26,222500,3wkqbqrDYzltNpxWK6sgsH,MUUS,1,1ONoVwmw96EtWKfcdsrVZf,David Guetta Playlist
3zvbEXbBhElF8Ob2zFpG14,Let's Rave,36,210000,5irwemCIBdwWYTZrcxX2UW,MorganJ,1,1ONoVwmw96EtWKfcdsrVZf,David Guetta Playlist
2NZJKUPIGfJqLAzONNr4gv,Kill Me Slow,66,208095,"['1Cs0zKBU1kc0i8ypK3B9ai', '19HFRWmRCl27kTk6LeqAO8']","['David Guetta', 'MORTEN']",2,1ONoVwmw96EtWKfcdsrVZf,David Guetta Playlist
5ovAmYzYLeEmOX6P3bmlzV,Dreams (feat. Lanie Gardner),70,204102,"['1Cs0zKBU1kc0i8ypK3B9ai', '19HFRWmRCl27kTk6LeqAO8', '5lhCycgJCjQIMpWNk4DycY']","['David Guetta', 'MORTEN', 'Lanie Gardner']",3,1ONoVwmw96EtWKfcdsrVZf,David Guetta Playlist
1w8DxFHDDInmn5TovLKKrW,Save My Life (feat. Lovespeake),67,183750,"['1Cs0zKBU1kc0i8ypK3B9ai', '19HFRWmRCl27kTk6LeqAO8', '0svmVqwlzmbBfwofH6uGbk']","['David Guetta', 'MORTEN', 'Lovespeake']",3,1ONoVwmw96EtWKfcdsrVZf,David Guetta Playlist
7HXMzmHisLPilu3phwi73h,Let's Love - David Guetta & MORTEN Future Rave Remix,52,222850,"['1Cs0zKBU1kc0i8ypK3B9ai', '5WUlDfRSoLAfcVSX1WnrxN', '19HFRWmRCl27kTk6LeqAO8']","['David Guetta', 'Sia', 'MORTEN']",3,1ONoVwmw96EtWKfcdsrVZf,David Guetta Playlist
5YcFJAlCexlf5pS8Qa7Pqz,Woo Dat,46,189836,"['1kk6o5FDlujcgz2d2iFXKy', '16KSSLMXOdKQ2MHt9bOHTG']","[""LO'99"", 'Tough Love']",2,1ONoVwmw96EtWKfcdsrVZf,David Guetta Playlist
