playlist_id,playlist_name,playlist_total_tracks,owner_id,owner_name,total_followers
4ZB8LNvjTqxyUZPzHyYYJq,Remixes 2021 🔥 Best Popular Songs Remixed 🔥 Best Remixes & EDM Hits 2021,198,mejoresplaylistsspotify,Filtr Éxitos,794587
5AHH67GYsljwoB1q6UGvWg,Gaming Music 2021 🎮 Magic Music EDM Gaming Playlist,265,magicmusicsquad,Magic Records,617958
5CTzufLc0f6MufjKYrIaoO,EDM 2021 House & Dance by bigFM nitroX |  DAVID GUETTA & AFROJACK,90,1138331383,Robaer,487751
5CvETxDs2E5rQeNji0LPaA,EDM Hits | Dance Music 2021,220,kpu7ttyvk94i360ju1ym63upj,Desired Music,326768
3Di88mvYplBtkDBIzGLiiM,EDM Hits 2021,125,fineshark,Christoffer Brants,324985
6nuPhpPZembzemjMcZft04,"DEEP HOUSE 2021 🚘 Best of deep house, tropical house and EDM",160,lhkilpmb0abw381omc2ina28m,DEEP UNIVERSE,263959
37i9dQZF1DWZ5Se2LB1C5h,Euphoria EDM,85,spotify,Spotify,248147
37i9dQZF1DXdVmhVVRZJ3I,Suor EDM,40,spotify,Spotify,234410
6g40a9GjWBkX8ewR0vF9C2,DANCE MUSIC 2021  🙌 'Best Dance 2021 & EDM Hits 2021' ,200,mejoresplaylistsspotify,Filtr Éxitos,222075
3VXReCeetN58c1clj9u8ZK,Tomorrowland 2021 Playlist 💙 EDM HITS,110,21uvjs6vsljej5dzs5ksdwprq,The Book of Wisdom,201080
37i9dQZF1DXafD1g5rer7q,EDM Samplings,50,spotify,Spotify,183254
5wRRszxHaglBLh09B1MYfB,New EDM,19,r3cjfz0h9l43loppwwb5ly9dx,Artister.io,177864
3A18TzS06cNUtqbmJfM19j,New EDM,58,ojuiuidfzpjy9wsfedgu3xv4o,Artister.io,177582
3S03NWbWkrR1e7DPH9rf9Z,Big Room EDM 2021 🔥,100,revealedrec,Revealed Recordings,165280
4UrJI5NiSOrYzwkqOTbLTW,Trap Music 2021 | EDM Trap,102,elysianrecords,Elysian Records,163427
71z6BdHlnfNj4DKRhuu1Fk,EDM WORKOUT MUSIC 💪,186,tribaltrap,Tribal Trap,143346
7JdjKf594hrtR779LuJQbA,EDM Workout Pump-Up,324,jerryjchen,htownlu8907,132825
5XlBSgGk5HGKl2nGymxDoH,Rave Culture EDM Playlist 🎹,80,wandwofficial,WandWofficial,113558
76DR3PNoHa9OupODuzdMfN,StreamBeats - EDM,193,3goqul1iqkj8a3ka2s0a07ptr,StreamBeats Official Playlist,71894
03PKLp1XC1GdqhzIMWgsBa,Club Music 2021 🔊 EDM Club Mix,113,21ifzjxggdajdpc4w6iqxslkq,Soave,65916
6PrUPPajcmqjmU9AXOsua8,Club Beats 2021 🔥 EDM Dance & Bass,121,uuo0uc1mv6nr0fuuyfnf82iy4,AESTHETE,64865
0rA7eold66Wk05o4irdrqq,CHILL EDM 🍁,141,akhilsagar,Akhil Sagar,59549
0TsHgCCpifeNJg3d8z3Nfv,EDM Workout 2021 | Training Hits,99,11124443444,Naeleck,59074
1bElSzqXo9rnLLEc1HeOx6,EDM Festival Hits 2021,99,andreas.ljungberg,Dutch Playlists,45700
1MQ1enQGrDFyDJY17ggcIF,PS5 EDM - Skrillex Takeover,453,playstation_music,PlayStation®️,45359
2e3dcRuo9uDH6qD3NOGKAL,EDM Music 2021 (Top 100),96,312avoycbyo353bvbqm2mpdnghjy,Unplugged,41827
5moqnliluz9pb3vb1Hbcxe,EDM & Pop workout grind 💪🏋,55,opq6vtouw1q5dy3het5oqrmvr,mandrews33,39033
2HQsMPvBpywqOCFPCtcx4a,EDM CLASSICS - Best Eletro Festival Hits Avicii David Guetta Calvin Harris Martin Garrix Hardwell,447,12154352845,Victor Oliveira,37651
4ZPjbzGA3mQoydg7FsOaE8,EDM Lovers,30,08y7l233wcs3ab9sbcifjsdtz,Tiago Soler,37611
2nUq9pPFPfzvDmbaf5d6nI,Música para Entrenar 2021 🏋️EDM Workout,120,43xzlwfo0tft7hn5r5e6dksrd,LoudKult,37482
5AnmBxdRTUo6PH2UOeNGYq,Gaming EDM 2021  (Top 100) 🎮🔥,116,11124443444,Naeleck,35633
7hML3KJ78OoisMqtjiWhyy,Indian EDM,61,c6cob6jgwhqjrlww3pmdcf8dm,Siachen Studios,33186
52tpcZzLHOTbPelf1zuo78,EDM Festival Music 2021,150,timm_ho,Timm Holsten,30289
4UB8vTRQLqIwXBGRI46jn4,EDM Hits 2021 (Musica Electronica 2021) EDM Workout 2021 - Bass Boosted 2021 (EDM House),289,auxlondon,Aux London,29636
3Ai8bvnPcifWMOWJDrck3l,EDM Essentials 🤟🏻,57,z74x1yzz2e2ih5vs4zk6n0v9x,Electronic Dance Music,28454
32idf17M2v8Ilv5x1z7VoC,Chill EDM Hits 2021 ⛱ Best Chill EDM Music,124,hbhz741mqsyfv0zafwby1nbq0,OneSevenMusic,25790
2NIe54HdwR5msTjrlHG1Lt,EDM Hits 2012-2021,449,n99knf9j07fiqq3tbbivx1g2n,astasoulakis,25580
2IDuj0iW3whzYH7miXmHxv,EDM PARTY,31,qc0qdvsdud3z5y74f9uji86tv,Level Youth,25337
2c9K6U9K2d5X53oheZLsLB,EDM Viral,31,7kx8qt40xxo57nyw64p27y1pv,David Walker,24618
3yGp845Tz2duWCORALQHFO,NEW EDM 2021 ⚡ EDM HITS 2021 ⚡ MUSICA ELECTRONICA 2021,46,edmsauce,EDM Sauce,23920
5XoGCyXu8TWiHZ701KkhZa,Workout EDM 2021 | Motivation,65,11124443444,Naeleck,23540
7J0ssQcMWpjaR5R59eESWP,EDM Remixes of Popular Songs,41,dailymixfr,dailymixfr,23027
37i9dQZF1DXdIugvVnxZNT,EDM LUV <3,60,spotify,Spotify,22945
1zqcp3EaTf73MeOf7u4qeW,Edm Oriental Music,33,wrq9oblnzeihvwuhn5vcwmtsi,Mike Lewis,22091
09T8BRorjn8It7gCCKuT3U,EDM BANGERS 2021,71,iampetey,Peter | EDMSTAGE.com,21509
2mvZ3Gs0rVj5QAJIaUfOWs,Edm House,34,wrq9oblnzeihvwuhn5vcwmtsi,Mike Lewis,20963
4WKWU4HX4Rp5LSNewcfgou,EDM Trip Music,37,ihldhqimb7qnwnz4gxkayrrjc,David Martin,19071
1dvoCOb3vso33rTd4FWqRW,Best EDM of All Time 🔥,674,akhilsagar,Akhil Sagar,18483
37i9dQZF1DX14rZPczlTBh,EDM Telugu,75,spotify,Spotify,17539
37i9dQZF1DX0nXUs2Fdn6S,EDM in India,75,spotify,Spotify,17330
0JzYaFk4w2szsobS6bKLLD,Viral EDM,40,hu8qegwl2oz1d6eogqgfbu6ku,Luke Larson,17020
3OpukHDNLANoEJ5Gom2x9F,EDM Sauce,36,xuakvfi05qxb5dadu77o9udin,Music Space,15928
4baVyiWiKxS4r5JWfuxQaq,Edm Global,39,tawgm97k74zzhsdd43sw1hlvz,Jan Smith,15720
4PlsLbYTR1mahvF1NZlEOA,Party Songs 2021: Dance - Pop - EDM,89,6n2tcrdaprmet7ferrms32vlv,Music-Hits,15190
0Qc0AEcMKigzKRhasv1SBh,HOUSE / EDM,96,tzj49943tidwcu3xf6blj6dos,Lidia Bridges,14748
3l2RwX3YDEba3bqFlaLSC2,Best EDM Music,19,lx807i2914vhb13j957hrpr1k,Top Playlists,13851
7ppwau1XzaZvvW6qnBbjuE,EDM Chill,291,amyz23,amy.z23,12071
5mhb5QRMXgufiqEuHL74gi,EDM Classics,247,anherr3,anherr3,9631
37i9dQZF1DWX3sGzKRxSTn,EDM Gây Nghiện,100,spotify,Spotify,9118
0VIw2zzoJfPUNQBYYRKxy7,EDM 2015-2019,578,1215791193,Hector Lz,8646
5ZJOrXRO7bq0ocs6QaZiin,EDM / Trap / Lofi - Super Mix,137,gbwf7ljfawk6oo68of14tjjs4,BeepBoop,7458
2arFaZEazH0GuXViVu5xfD,EDM Anthems,51,awczayayvohi8s0cmeuv78wmz,Sora Music Group,7283
1S64JWMQuXwL0AtJpNYHsF,EDM HYPE,156,hornets_42,hornets_42,7141
6uLkQFoeMtPgI3lw0p0H05,EDM Pop,22,awczayayvohi8s0cmeuv78wmz,Sora Music Group,7089
6LDero6BEiiBGkKaszZ0kB,Instrumental EDM,298,qodiressmvvr6dwsgselq4laf,Soxxly,6733
0mwgbEd5X76xZixz6BSWOO,EDM 2010-2021,996,oscarorvi,Oscar Oranias,6602
6FKqG6vNxAt2W21ens5Eri,EDM & DANCE,100,1qt6sg732el5h2qtq8enhajv8,The Playlists Network,6328
2WYbOPmgMczRTX9NwfLseh,EDM/Electro/House/Techno/Dub,21,7n6op5s7nyd7o6nl65ktlnacv,FOBSounds,4957
0JqyUd7Thp9TS9oZCvLLU9,EDM 2000's,102,vclzpfhqe333hij7pdhn9ktf0,Kyler,4733
4rkLcybfYxMtPFPToQYiS2,Top EDM 2010s,100,tabothebest,Stefano Taborelli,3972
2z6uBh2bNPQlQxR5RbPwvk,EDM Study Music,336,ibl1nk,Raymond Deng,3860
1rMpoilzqMQyu6iChpe7nu,EDM クラブ,255,rukito8888,ruki8888,3157
5aEYhFPmLG3fHcOgv3NeEK,Totally MAD EDM,82,gbwf7ljfawk6oo68of14tjjs4,BeepBoop,2767
3Lzdwy1hadqPhC05nbod2J,Headbangers EDM 🔥,489,g69blue,Garrett Carlson,2602
6qoykyajOXvNuTeqetw62i,This Is EDM Music ,37,imj49hbospmnf3n6v9u14klnp,Dustin Gibson,2584
7gsbDEtjvOm9BTXF3Kjmci,Chill EDM / Good Driving Music,173,stephenp20,Stephen Pipes,2378
2tbpuENbxAzE2eZRdkUwvw,EDM Acoustic (Best Acoustic versions of EDM tracks),267,115835407,115835407,2200
5GbejwTft7pNDDFCx1R9yW,EDM Butter ,48,12148484800,Marit_Cat,1939
5P2Ko6Nx65Bq7X1rK5YO5b,"EDM, Bass Droppers & Beat Bangers",207,empty022,Leo Lobaton,1814
16jAh4tR95UCGJUn4iFu61,EDM 2010-2015: Best Remix,113,2tozhrwsb1uemy8x42pbm2ni1,Rai Fenoll,1632
7BtZZ9foGabXDcauvAUCaJ,Edmilson Batista - As Melhores,20,vyry4xukavuyyy7ohlfr9x182,Niltinho Roque,655
4x1JE3sKQmRxMcjnzpafjJ,EDM ELECTRO DANCE HOUSE,29,x2qxwnpvtfrgpnzd528eirucd,MusicalAttack,512
4xJi0XsaZf3bcRrxFzrqLz,Edmofo & Emma Peters - XNXX,99,21jzowqvvzkmgazxlwtgtvruy,Lucid Plain,247
4Xbpq56qxBqN7GdbezEw3g,EDM On The Internet ,0,0eu2gya42kt6f6hascngucg38,Punch.Block.Baby,188
0YU5phqd2lNsz5UZ7HZ26O,Nephilim EDM,465,jruvznq1fhzwwjgajgc5h7w8f,Michael,115
0HlmebrWQmiqdTReODqkJC,EDM,14,bj571m31864qjv7drny7azrz1,Jackbenton.23,102
68EAcG58vSzmct3rrulegs,EDM Stream,169,maxsmith2341,Max Smith,83
6jNp8o2A4CK54xnMvsbgkA,"Edmund, Pizzera und Jaus, Seiler und Speer",91,212htkywa5dfv5gqfll5e7wgy,Antonia Hochetlinger,64
7JIvS9Fys22xLD4ZzVTtqn,EDM Pregame Spring 2021,106,1299279679,Samantha Wagner,54
22zczHUBlBjZQenzyYqGrO,EDM Global,0,737092bcgm6gcbzyq8ccmb0ww,Jan Smith,43
22zczHUBlBjZQenzyYqGrO,EDM Global,0,737092bcgm6gcbzyq8ccmb0ww,Jan Smith,43
4bH83wSFIaWb0SdvMvaAjW,EDM MIX - Festival Anthems 2021 🔥 Ultra Miami,78,q8b2bytmwsys1em6fxp6v9b2m,Seal Network,29
2tSW56gfyYnsl2fdYx1cxo,Edmund Fitzgerald,95,carolynsdesignerresale,carolynsdesignerresale,28
3BblC5TKiIlCxep8RXIN7B,👌EDM,54,kostenlu,kostenlu,23
